Time (s),Position (x),Momentum (p)
0.0,1.0,0.0
0.01,0.9999,-0.01
0.02,0.99970001,-0.019999000000000003
0.03,0.999400049999,-0.029996000100000003
0.04,0.9990001499930001,-0.03999000059999
0.05,0.9985003499720009,-0.04998000209992
0.06,0.9979006999160045,-0.059965005599640006
0.07,0.9972012597900165,-0.06994401259880005
0.08,0.9964020995380495,-0.07991602519670021
0.09,0.9955032990761287,-0.0898800461920807
0.1,0.9945049482843002,-0.09983507918284198
0.11,0.9934071469976434,-0.10978012866568498
0.12,0.9922100049962869,-0.11971420013566142
0.13,0.9909136419944307,-0.12963630018562428
0.14,0.989518187628375,-0.1395454366055686
0.15,0.9880237814435564,-0.14944061848185233
0.16,0.9864305728805935,-0.1593208562962879
0.17,0.9847387212603426,-0.16918516202509382
0.18,0.9829483957679656,-0.17903254923769724
0.19,0.9810597754360117,-0.1888620331953769
0.2,0.9790730491265144,-0.198672630949737
0.21,0.9769884155121044,-0.20846336144100214
0.22,0.9748060830561431,-0.21823324559612317
0.23,0.9725262699918763,-0.2279813064266846
0.24,0.9701492043006102,-0.23770656912660337
0.25,0.9676751236889142,-0.24740806116960948
0.26,0.9651042755648492,-0.2570848124064986
0.27,0.9624369170132278,-0.2667358551621471
0.28,0.9596733147699049,-0.27636022433227936
0.29,0.9568137451951051,-0.2859569574799784
0.3,0.9538584942457858,-0.29552509493192947
0.31,0.950807857447042,-0.3050636798743873
0.32,0.9476621398625534,-0.31457175844885776
0.33,0.9444216560640786,-0.3240483798474833
0.34,0.9410867300999973,-0.33349259640812406
0.35000000000000003,0.9376576954629061,-0.34290346370912406
0.36,0.9341348950562686,-0.3522800406637531
0.37,0.9305186811601254,-0.36162138961431584
0.38,0.9268094153958663,-0.3709265764259171
0.39,0.9230074686900674,-0.38019467057987577
0.4,0.9191132212373997,-0.38942474526677645
0.41000000000000003,0.9151270624626082,-0.39861587747915045
0.42,0.9110493909815705,-0.4077671481037765
0.43,0.9068806145614345,-0.41687764201359223
0.44,0.9026211500798424,-0.42594644815920657
0.45,0.8982714234832424,-0.434972659660005
0.46,0.8938318697442941,-0.4439553738948374
0.47000000000000003,0.8893029328183713,-0.45289369259228035
0.48,0.8846850655991666,-0.46178672192046405
0.49,0.8799787298734021,-0.4706335725764557
0.5,0.8751843962746502,-0.47943335987518976
0.51,0.8703025442362708,-0.48818520383793623
0.52,0.8653336619434678,-0.49688822928029897
0.53,0.8602782462844705,-0.5055415658997336
0.54,0.8551368028008447,-0.5141443483625784
0.55,0.8499098456369388,-0.5226957163905869
0.56,0.8445978974884693,-0.5311948148469563
0.5700000000000001,0.8392014895502509,-0.5396407938218409
0.58,0.8337211614630774,-0.5480328087173434
0.59,0.8281574612597576,-0.5563700203319741
0.6,0.8225109453103119,-0.5646515949445717
0.61,0.8167821782663351,-0.5728767043976748
0.62,0.8109717330045317,-0.5810445261803382
0.63,0.8050801905694279,-0.5891542435103835
0.64,0.7991081401152671,-0.5972050454160778
0.65,0.7930561788470948,-0.6051961268172305
0.66,0.7869249119610378,-0.6131266886057014
0.67,0.7807149525837846,-0.6209959377253118
0.68,0.7744269217112731,-0.6288030872511496
0.6900000000000001,0.7680614481465905,-0.6365473564682623
0.7000000000000001,0.7616191684370932,-0.6442279709497283
0.71,0.7551007268107522,-0.6518441626340992
0.72,0.7485067751117301,-0.6593951699022067
0.73,0.7418379727351969,-0.666880237653324
0.74,0.7350949865613902,-0.674298617380676
0.75,0.7282784908889273,-0.6816495672462899
0.76,0.7213891673673755,-0.6889323521551791
0.77,0.7144277049290869,-0.6961462438288528
0.78,0.7073947997203055,-0.7032905208781437
0.79,0.700291155031552,-0.7103644688753468
0.8,0.6931174812272954,-0.7173673804256623
0.81,0.6858744956749161,-0.7242985552379352
0.8200000000000001,0.6785629226729692,-0.7311573001946844
0.8300000000000001,0.6711834933787552,-0.737942929421414
0.84,0.6637369457352031,-0.7446547643552016
0.85,0.6562240243970776,-0.7512921338125537
0.86,0.6486454806565124,-0.7578543740565244
0.87,0.6410020723678815,-0.7643408288630896
0.88,0.6332945638720139,-0.7707508495867684
0.89,0.625523725919759,-0.7770837952254885
0.9,0.6176903355949122,-0.7833390324846862
0.91,0.6097951762365058,-0.7895159358406353
0.92,0.6018390373604758,-0.7956138876030003
0.93,0.5938227145807098,-0.8016322779766051
0.9400000000000001,0.5857470095294857,-0.8075705051224121
0.9500000000000001,0.5776127297773086,-0.8134279752177069
0.96,0.5694206887521538,-0.81920410251548
0.97,0.5611717056581238,-0.8248983094030016
0.98,0.5528666053935279,-0.8305100264595828
0.99,0.5445062184683928,-0.8360386925135181
1.0,0.5360913809214107,-0.841483754698202
1.01,0.5276229342363365,-0.8468446685074161
1.02,0.5191017252578387,-0.8521208978497795
1.03,0.5105286061068152,-0.8573119151023579
1.04,0.5019044340951809,-0.8624172011634261
1.05,0.49323007164013716,-0.8674362455043779
1.06,0.48450638617792935,-0.8723685462207793
1.07,0.47573425007710374,-0.8772136100825586
1.08,0.46691454055127046,-0.8819709525833297
1.09,0.458048139571382,-0.8866400979888424
1.1,0.44913593377753647,-0.8912205793845562
1.11,0.44017881439031314,-0.8957119387223316
1.12,0.4311776771216508,-0.9001137268662347
1.1300000000000001,0.42213342208527627,-0.9044255036374512
1.1400000000000001,0.4130469537066932,-0.908646837858304
1.1500000000000001,0.40391918063273946,-0.912777307395371
1.16,0.39475101564072246,-0.9168164992016984
1.17,0.3855433755471414,-0.9207640093581057
1.18,0.37629718111600563,-0.924619443113577
1.19,0.36701335696675824,-0.928382414924737
1.2,0.3576928314818142,-0.9320525484944047
1.21,0.34833653671372194,-0.9356294768092228
1.22,0.33894540829195835,-0.93911284217636
1.23,0.32952038532936556,-0.9425022962592796
1.24,0.32006241032823984,-0.9457975001125732
1.25,0.3105724290860813,-0.9489981242158556
1.26,0.3010513906010141,-0.9521038485067165
1.27,0.2915002469768868,-0.9551143624127266
1.28,0.28191995332806186,-0.9580293648824955
1.29,0.2723114676839041,-0.960848564415776
1.3,0.2626757508929779,-0.9635716790926151
1.31,0.25301376652696245,-0.9661984366015449
1.32,0.2433264807842943,-0.9687285742668146
1.33,0.23361486239354773,-0.9711618390746575
1.34,0.2238798825165618,-0.973497987698593
1.35,0.2141225146513242,-0.9757367865237586
1.36,0.20434373453462149,-0.9778780116702719
1.37,0.19454452004446532,-0.9799214490156181
1.3800000000000001,0.1847258511023047,-0.9818668942160628
1.3900000000000001,0.17488870957503383,-0.9837141527270858
1.4000000000000001,0.16503407917680546,-0.9854630398228362
1.41,0.15516294537065942,-0.9871133806146043
1.42,0.14527629526997632,-0.9886650100683109
1.43,0.13537511753976622,-0.9901177730210107
1.44,0.12546040229780214,-0.9914715241964084
1.45,0.11553314101560827,-0.9927261282193864
1.46,0.10559432641931285,-0.9938814596295426
1.47,0.09564495239037549,-0.9949374028937357
1.48,0.08568601386619909,-0.9958938524176394
1.49,0.07571850674063607,-0.9967507125563014
1.5,0.065743427764399,-0.9975078976237078
1.51,0.05576177444538548,-0.9981653319013518
1.52,0.04577454494892742,-0.9987229496458057
1.53,0.035782737997974476,-0.999180695095295
1.54,0.02578735277322173,-0.9995385224752746
1.55,0.01578938881319166,-0.9997963960030068
1.56,0.005789845914280273,-0.9999542898911388
1.57,-0.004210275969222542,-1.0000121883502815
1.58,-0.014209976825128435,-0.9999700855905893
1.59,-0.024208256683351817,-0.999827985822338
1.6,-0.03420411571590686,-0.9995859032555044
1.61,-0.04419655433689031,-0.9992438620983454
1.62,-0.05418457330244008,-0.9988018965549764
1.6300000000000001,-0.0641671738106596,-0.998260050821952
1.6400000000000001,-0.07414335760149805,-0.9976183790838454
1.6500000000000001,-0.08411212705657636,-0.9968769455078305
1.6600000000000001,-0.09407248529894902,-0.9960358242372647
1.67,-0.10402343629279177,-0.9950950993842752
1.68,-0.11396398494300525,-0.9940548650213473
1.69,-0.12389313719472442,-0.9929152251719172
1.7,-0.13380990013272412,-0.99167629379997
1.71,-0.14371328208071055,-0.9903381947986428
1.72,-0.15360229270048892,-0.9889010619778357
1.73,-0.16347594309099722,-0.9873650390508307
1.74,-0.17333324588719642,-0.9857302796199208
1.75,-0.1831732153588069,-0.9839969471610488
1.76,-0.1929948675088815,-0.9821652150074607
1.77,-0.20279722017220522,-0.9802352663323719
1.78,-0.21257929311351173,-0.9782072941306499
1.79,-0.22234010812550686,-0.9760815011995148
1.8,-0.23207868912668947,-0.9738581001182597
1.81,-0.24179406225895939,-0.9715373132269928
1.82,-0.25148525598500343,-0.9691193726044032
1.83,-0.26115130118544894,-0.9666045200445531
1.84,-0.2707912312557759,-0.9639930070326986
1.85,-0.28040408220297736,-0.9612850947201409
1.86,-0.2899888927419585,-0.9584810538981111
1.87,-0.2995447043916654,-0.9555811649706916
1.8800000000000001,-0.30907056157093316,-0.9525857179267749
1.8900000000000001,-0.3185655116940438,-0.9494950123110656
1.9000000000000001,-0.32802860526598504,-0.9463093571941251
1.9100000000000001,-0.3374588959773997,-0.9430290711414653
1.92,-0.3468554407992166,-0.9396544821816912
1.93,-0.35621730007695357,-0.936185927773699
1.94,-0.3655435376246829,-0.9326237547729295
1.95,-0.3748332208186497,-0.9289683193966827
1.96,-0.3840854206905347,-0.9252199871884962
1.97,-0.3932992120203506,-0.9213791329815908
1.98,-0.4024736734289645,-0.9174461408613873
1.99,-0.41160788747023547,-0.9134214041270977
2.0,-0.42070094072275943,-0.9093053252523954
2.0100000000000002,-0.4297519238812111,-0.9050983158451678
2.02,-0.43875993184727463,-0.9008007966063556
2.0300000000000002,-0.44772406382015345,-0.8964131972878828
2.04,-0.45664342338665026,-0.8919359566496813
2.05,-0.4655171186108084,-0.8873695224158148
2.06,-0.4743442621231055,-0.8827143512297068
2.07,-0.48312397120919026,-0.8779709086084757
2.08,-0.4918553678981541,-0.8731396688963838
2.09,-0.5005375790503281,-0.8682211152174023
2.1,-0.5091697364445972,-0.863215739426899
2.11,-0.5177509768652218,-0.8581240420624531
2.12,-0.5262804421881597,-0.8529465322938009
2.13,-0.5347572794668789,-0.8476837278719193
2.14,-0.5431806410176514,-0.8423361550772505
2.15,-0.5515496845043222,-0.836904348667074
2.16,-0.5598635730225425,-0.8313888518220307
2.17,-0.5681214751834606,-0.8257902160918053
2.18,-0.5763225651968603,-0.8201090013399707
2.19,-0.5844660229537403,-0.814345775688002
2.2,-0.5925510341083249,-0.8085011154584646
2.21,-0.6005767901594987,-0.8025756051173814
2.22,-0.6085424885316566,-0.7965698372157863
2.23,-0.6164473326549613,-0.7904844123304697
2.24,-0.6242905320450005,-0.7843199390039202
2.25,-0.6320713023818352,-0.7780770336834701
2.2600000000000002,-0.6397888655884317,-0.7717563206596518
2.27,-0.6474424499084694,-0.7653584320037675
2.2800000000000002,-0.6550312899835162,-0.7588840075046829
2.29,-0.6625546269295647,-0.7523336946048477
2.3000000000000003,-0.6700117084129202,-0.745708148335552
2.31,-0.6774017887254344,-0.7390080312514228
2.32,-0.6847241288590761,-0.7322340133641685
2.33,-0.6919779965798318,-0.7253867720755778
2.34,-0.6991626665009296,-0.7184669921097795
2.35,-0.7062774201553773,-0.7114753654447702
2.36,-0.7133215460678095,-0.7044125912432164
2.37,-0.7202943398256348,-0.6972793757825383
2.38,-0.7271951041494776,-0.690076432384282
2.39,-0.7340231489629055,-0.6828044813427872
2.4,-0.7407777914614371,-0.6754642498531581
2.41,-0.7474583561808225,-0.6680564719385438
2.42,-0.7540641750645898,-0.6605818883767356
2.43,-0.7605945875308506,-0.6530412466260896
2.44,-0.7670489405383585,-0.6454353007507811
2.45,-0.7734265886518125,-0.6377648113453975
2.46,-0.7797268941064013,-0.6300305454588794
2.47,-0.7859492268715794,-0.6222332765178153
2.48,-0.7920929647140704,-0.6143737842490996
2.49,-0.79815749326009,-0.6064528546019589
2.5,-0.8041422060567835,-0.598471279669358
2.5100000000000002,-0.8100465046328714,-0.5904298576087902
2.52,-0.8158697985584961,-0.5823293925624615
2.5300000000000002,-0.8216115055042649,-0.5741706945768765
2.54,-0.8272710512994832,-0.5659545795218339
2.5500000000000003,-0.8328478699895716,-0.5576818690088391
2.56,-0.8383414038926611,-0.5493533903089434
2.57,-0.8437511036553612,-0.5409699762700168
2.58,-0.8490764283076958,-0.5325324652334631
2.59,-0.8543168453171996,-0.5240417009503862
2.6,-0.8594718306421718,-0.5154985324972141
2.61,-0.8645408687840798,-0.5069038141907924
2.62,-0.8695234528391093,-0.49825840550295164
2.63,-0.8744190845488549,-0.48956317097456054
2.64,-0.8792272743501456,-0.480818980129072
2.65,-0.8839475414240013,-0.4720267073855705
2.66,-0.8885794137437146,-0.4631872319713305
2.67,-0.8931224281220536,-0.4543014378338934
2.68,-0.8975761302575803,-0.4453702135526728
2.69,-0.9019400747800813,-0.436394452250097
2.7,-0.9062138252951043,-0.42737505150229615
2.71,-0.9103969544275977,-0.4183129132493451
2.72,-0.9144890438646484,-0.4092089437050691
2.73,-0.9184896843973126,-0.40006405326642264
2.74,-0.9223984759615371,-0.3908791564224495
2.75,-0.9262150276781654,-0.38165517166283414
2.7600000000000002,-0.929938957892026,-0.37239302138605246
2.77,-0.9335698942100973,-0.3630936318071322
2.7800000000000002,-0.9371074735387476,-0.35375793286503127
2.79,-0.940551342120044,-0.3443868581296438
2.8000000000000003,-0.9439011555671284,-0.3349813447084434
2.81,-0.9471565788986561,-0.3255423331527721
2.82,-0.950317286572294,-0.31607076736378553
2.83,-0.9533829625172746,-0.3065675944980626
2.84,-0.9563533001660035,-0.29703376487288985
2.85,-0.9592280024847158,-0.28747023187122983
2.86,-0.9620067820031797,-0.2778779518463827
2.87,-0.9646893608434431,-0.2682578840263509
2.88,-0.9672754707476223,-0.25861099041791646
2.89,-0.9697648531047267,-0.24893823571044024
2.9,-0.9721572589765206,-0.23924058717939298
2.91,-0.9744524491224169,-0.22951901458962776
2.92,-0.9766501940234009,-0.21977449009840358
2.93,-0.9787502739049826,-0.21000798815816957
2.94,-0.9807524787591738,-0.20022048541911974
2.95,-0.9826566083654891,-0.19041296063152802
2.96,-0.9844624723109678,-0.18058639454787312
2.97,-0.9861698900092155,-0.17074176982476344
2.98,-0.9877786907184622,-0.16088007092467127
2.99,-0.9892887135586371,-0.15100228401748664
3.0,-0.9906998075274561,-0.14110939688190027
3.0100000000000002,-0.9920118315155224,-0.1312023988066257
3.02,-0.9932246543204372,-0.12128228049147048
3.0300000000000002,-0.9943381546599198,-0.1113500339482661
3.04,-0.9953522211839365,-0.10140665240166691
3.0500000000000003,-0.9962667524858347,-0.09145313018982754
3.06,-0.9970816571124844,-0.08149046266496919
3.0700000000000003,-0.9977968535734228,-0.07151964609384434
3.08,-0.9984122703490039,-0.06154167755811012
3.09,-0.9989278458975501,-0.051557554854620075
3.1,-0.9993435286615066,-0.041568276395644574
3.11,-0.9996592770725968,-0.03157484110902951
3.12,-0.9998750595559799,-0.02157824833830354
3.13,-0.9999908545334073,-0.011579497742743741
3.14,-1.0000066504253815,-0.0015795891974096678
3.15,-0.999922445652313,0.008420477306844148
3.16,-0.9997382486346793,0.01841970176336728
3.17,-0.9994540777921822,0.02841708424971407
3.18,-0.9990699615419059,0.03841162502763589
3.19,-0.9985859382954753,0.04840232464305495
3.2,-0.9980020564552151,0.058388184026009704
3.21,-0.9973183744093095,0.06836820459056185
3.22,-0.9965349605259629,0.07834138833465494
3.23,-0.9956518931465638,0.08830673793991457
3.24,-0.99466926057785,0.09826325687138021
3.25,-0.9935871610830784,0.10820994947715872
3.2600000000000002,-0.9924057028721985,0.1181458210879895
3.27,-0.9911250040910314,0.1280698781167115
3.2800000000000002,-0.9897451928094552,0.1379811281576218
3.29,-0.988266407008598,0.14787858008571636
3.3000000000000003,-0.98668879456704,0.15776124415580234
3.31,-0.9850125132460252,0.16762813210147273
3.3200000000000003,-0.9832377306736859,0.17747825723393298
3.33,-0.9813646243282792,0.18731063454066985
3.34,-0.9793933815204396,0.19712428078395264
3.35,-0.977324199374448,0.20691821459915705
3.36,-0.975157284808519,0.21669145659290154
3.37,-0.9728928545141092,0.22644302944098674
3.38,-0.9705311349342479,0.23617195798612783
3.39,-0.9680723622408932,0.24587726933547033
3.4,-0.9655167823113144,0.2555579929578793
3.41,-0.9628646507035045,0.26521316078099244
3.42,-0.9601162326306242,0.2748418072880275
3.43,-0.9572718029344809,0.28444296961433374
3.44,-0.9543316460580441,0.2940156876436785
3.45,-0.9512960560170015,0.30355900410425896
3.46,-0.9481653363703573,0.313071964664429
3.47,-0.944939800190076,0.32255361802813254
3.48,-0.9416197700297756,0.3320030160300333
3.49,-0.9382055778924723,0.3414192137303311
3.5,-0.9346975651973797,0.3508012695092558
3.5100000000000002,-0.9310960827457674,0.36014824516122956
3.52,-0.9274014906858805,0.36945920598868726
3.5300000000000002,-0.9236141584769251,0.37873322089554606
3.54,-0.919734464852122,0.3879693624803153
3.5500000000000003,-0.9157627977808336,0.39716670712883656
3.56,-0.9116995544297671,0.4063243351066449
3.5700000000000003,-0.9075451411232577,0.4154413306509426
3.58,-0.9032999733026359,0.42451678206217514
3.59,-0.8989644754846838,0.4335497817952015
3.6,-0.8945390812191834,0.4425394265500483
3.61,-0.890024233045561,0.4514848173622401
3.62,-0.8854203824486341,0.4603850596926957
3.63,-0.8807279898134622,0.46923926351718204
3.64,-0.8759475243793091,0.47804654341531666
3.65,-0.871079464192718,0.4868060186591098
3.66,-0.8661242960597076,0.495516813301037
3.67,-0.8610825154970912,0.504178056261634
3.68,-0.8559546266829252,0.512788881416605
3.69,-0.8507411424060909,0.5213484276834341
3.7,-0.8454425840150159,0.529855839107495
3.71,-0.8400594813655394,0.5383102649476452
3.72,-0.8345923727679264,0.5467108597613006
3.73,-0.8290418049330366,0.5550567834889799
3.74,-0.8234083329176535,0.5633472015383103
3.75,-0.8176925200689786,0.5715812848674868
3.7600000000000002,-0.8118949379682968,0.5797582100681766
3.77,-0.8060161663738182,0.5878771594478596
3.7800000000000002,-0.8000567931627023,0.5959373211115977
3.79,-0.79401741427227,0.6039378890432248
3.8000000000000003,-0.7878986336404106,0.6118780631859475
3.81,-0.7817010631451871,0.6197570495223517
3.8200000000000003,-0.775425322543649,0.6275740601538036
3.83,-0.7690720394098567,0.63532831337924
3.84,-0.7626418490721233,0.6430190337733386
3.85,-0.7561353945494826,0.6506454522640598
3.86,-0.7495533264873872,0.6582068062095546
3.87,-0.7428963030926429,0.6657023394744285
3.88,-0.7361649900675893,0.6731313025053549
3.89,-0.729360060543529,0.6804929524060308
3.9,-0.7224821950134143,0.6877865530114661
3.91,-0.7155320812637983,0.6950113749616003
3.92,-0.7085104143060559,0.7021666957742383
3.93,-0.7014178963068829,0.7092517999172988
3.94,-0.6942552365180792,0.7162659788803676
3.95,-0.6870231512056237,0.7232085312455484
3.96,-0.6797223635780477,0.7300787627576046
3.97,-0.6723536037141139,0.7368759863933851
3.98,-0.6649176084898086,0.7435995224305263
3.99,-0.6574151215046544,0.7502486985154244
4.0,-0.6498468930073497,0.756822849730471
4.01,-0.6422136798207442,0.7633213186605444
4.0200000000000005,-0.6345162452661567,0.7697434554587519
4.03,-0.6267553590870425,0.7760886179114135
4.04,-0.6189317973720196,0.7823561715022839
4.05,-0.6110463424772596,0.7885454894760041
4.0600000000000005,-0.6030997829482518,0.7946559529007767
4.07,-0.5950929134409493,0.8006869507302592
4.08,-0.5870265346423026,0.8066378798646687
4.09,-0.5789014531901917,0.8125081452110917
4.1,-0.5707184815927617,0.8182971597429937
4.11,-0.5624784381471725,0.8240043445589212
4.12,-0.5541821468577686,0.829629128940393
4.13,-0.5458304373536789,0.8351709504089707
4.14,-0.5374241448058538,0.8406292547825075
4.15,-0.5289641098435481,0.846003496230566
4.16,-0.5204511784702581,0.8512931373290015
4.17,-0.511886201979121,0.8564976491137041
4.18,-0.503270036867786,0.8616165111334952
4.19,-0.4946035447527643,0.8666492115021731
4.2,-0.4858875922832673,0.8715952469497008
4.21,-0.47712305105454195,0.8764541228725334
4.22,-0.46831079752071114,0.8812253533830788
4.23,-0.4594517129071283,0.8859084613582859
4.24,-0.4505466831222547,0.8905029784873573
4.25,-0.4415965986690689,0.8950084453185798
4.26,-0.4326023545560162,0.8994244113052705
4.2700000000000005,-0.4235648502075079,0.9037504348508306
4.28,-0.4144849893739788,0.9079860833529056
4.29,-0.40536368004151235,0.9121309332466454
4.3,-0.3962018343410417,0.9161845700470606
4.3100000000000005,-0.38700036845713703,0.9201465883904709
4.32,-0.3777602025363866,0.9240165920750423
4.33,-0.3684822605953825,0.9277941941004061
4.34,-0.3591674704283189,0.9314790167063599
4.3500000000000005,-0.3498167635142125,0.9350706914106431
4.36,-0.34043107492375463,0.9385688590457852
4.37,-0.3310113432258044,0.9419731697950228
4.38,-0.32155851039353156,0.9452832832272808
4.39,-0.3120735217102194,0.9484988683312161
4.4,-0.3025573256747362,0.9516196035483183
4.41,-0.29301087390668556,0.9546451768050657
4.42,-0.28343512105124424,0.9575752855441325
4.43,-0.2738310246836978,0.960409636754645
4.44,-0.264199545213683,0.963147947001482
4.45,-0.2545416457891468,0.9657899424536188
4.46,-0.2448582922000317,0.9683353589115102
4.47,-0.23515045278169658,0.9707839418335106
4.48,-0.2254190983180833,0.9731354463613275
4.49,-0.2156652019446382,0.9753896373445083
4.5,-0.20588973905099867,0.9775462893639547
4.51,-0.19609368718345402,0.9796051867544647
4.5200000000000005,-0.18627802594719103,0.9815661236262992
4.53,-0.17644373690833332,0.9834289038857712
4.54,-0.16659180349578476,0.9851933412548546
4.55,-0.15672321090288663,0.9868592592898124
4.5600000000000005,-0.1468389459888982,0.9884264913988413
4.57,-0.1369399971803109,0.9898948808587303
4.58,-0.12702735437200557,0.9912642808305334
4.59,-0.11710200882826304,0.9925345543742534
4.6000000000000005,-0.10716495308363767,0.993705574462536
4.61,-0.09721718084370395,0.9947772239933724
4.62,-0.08725968688568586,0.9957493958018094
4.63,-0.07729346695897919,0.9966219926706663
4.64,-0.06731951768557663,0.9973949273402561
4.65,-0.05733883646040551,0.9980681225171119
4.66,-0.04735242135158835,0.9986415108817159
4.67,-0.03736127100063603,0.9991150350952318
4.68,-0.027366384522583644,0.9994886478052382
4.69,-0.017368761406079004,0.999762311650464
4.7,-0.007369401413433755,0.9999359992645248
4.71,0.0026306955193528356,1.000009693278659
4.72,0.012630529382587491,0.9999833863234655
4.73,0.02262910019288389,0.9998570810296397
4.74,0.032625408093161,0.9996307900277108
4.75,0.042618453452628796,0.9993045359467793
4.76,0.052607236966751326,0.998878351412253
4.7700000000000005,0.06259075975717718,0.9983522790425855
4.78,0.07256802347162732,0.9977263714450137
4.79,0.0825380303837303,0.9970006912102974
4.8,0.09249978349279489,0.9961753109064602
4.8100000000000005,0.10245228662351022,0.9952503130715322
4.82,0.11239454452556319,0.9942257902052971
4.83,0.1223255629731636,0.9931018447600415
4.84,0.1322443488644667,0.9918785891303098
4.8500000000000005,0.14214991032088337,0.9905561456416652
4.86,0.15204125678626793,0.9891346465384563
4.87,0.16191739912597386,0.9876142339705936
4.88,0.1717773497257672,0.9859950599793338
4.89,0.18162012259058796,0.9842772864820761
4.9,0.19144473344314966,0.9824610852561703
4.91,0.20125019982236705,0.9805466379217388
4.92,0.2110355411816022,0.9785341359235151
4.93,0.22079977898671918,0.9764237805116991
4.94,0.2305419368139375,0.9742157827218318
4.95,0.24026104044747443,0.9719103633536925
4.96,0.2499561179769666,0.9695077529492178
4.97,0.25962619989466107,0.9670081917694481
4.98,0.2692703191923661,0.9644119297705015
4.99,0.2788875114581519,0.9617192265785779
5.0,0.2884768149727919,0.9589303514639964
5.01,0.29803727080593456,0.9560455833142685
5.0200000000000005,0.30756792291199664,0.9530652106062091
5.03,0.3170678182257675,0.9499895313770891
5.04,0.3265360067577158,0.9468188531948314
5.05,0.33597154168898835,0.9435534931272542
5.0600000000000005,0.345373479466092,0.9401937777103644
5.07,0.354740879895249,0.9367400429157035
5.08,0.3640728062364165,0.9331926341167509
5.09,0.3733683252969604,0.9295519060543868
5.1000000000000005,0.38262650752497457,0.9258182228014171
5.11,0.3918464271022362,0.9219919577261674
5.12,0.4010271620367877,0.918073493455145
5.13,0.41016779425513544,0.9140632218347772
5.14,0.4192674096940577,0.9099615438922258
5.15,0.42832509839201055,0.9057688697952853
5.16,0.4373399545801242,0.9014856188113651
5.17,0.4463110767727798,0.8971122192655638
5.18,0.45523756785775815,0.8926491084978361
5.19,0.46411853518595075,0.8880967328192585
5.2,0.47295309066062474,0.883455547467399
5.21,0.4817403508262327,0.8787260165607927
5.22,0.490479436956758,0.8739086130525304
5.23,0.4991694751435876,0.8690038186829628
5.24,0.5078095963829029,0.8640121239315269
5.25,0.5163989366625799,0.8589340279676979
5.26,0.5249366370485906,0.8537700386010721
5.2700000000000005,0.5334218437708965,0.8485206722305862
5.28,0.5418537083088253,0.8431864537928773
5.29,0.5502313874759232,0.837767916709789
5.3,0.5585540435042734,0.8322656028350298
5.3100000000000005,0.5668208441282733,0.826680062399987
5.32,0.5750309626678604,0.8210118539587044
5.33,0.5831835781111806,0.8152615443320258
5.34,0.5912778751966897,0.809429708550914
5.3500000000000005,0.5993130444946791,0.8035169297989471
5.36,0.6072882824882192,0.7975237993540003
5.37,0.6152027916535103,0.7914509165291181
5.38,0.6230557805396362,0.785298888612583
5.39,0.630846463847708,0.7790683308071866
5.4,0.6385740625093951,0.7727598661687095
5.41,0.6462378037648312,0.7663741255436155
5.42,0.6538369212398909,0.7599117475059672
5.43,0.6613706550228265,0.7533733782935683
5.44,0.6688382517402599,0.74675967174334
5.45,0.6762389646325193,0.7400712892259375
5.46,0.6835720536283154,0.7333088995796123
5.47,0.6908367854187487,0.7264731790433292
5.48,0.6980324335306402,0.7195648111891417
5.49,0.7051582783991786,0.7125844868538354
5.5,0.7122136074398769,0.7055329040698436
5.51,0.7191977151198314,0.6984107679954448
5.5200000000000005,0.7261099030282739,0.6912187908442464
5.53,0.7329494799464136,0.6839576918139637
5.54,0.7397157619165585,0.6766281970144996
5.55,0.7464080723105119,0.669231039395334
5.5600000000000005,0.7530257418972341,0.6617669586722289
5.57,0.7595681089097667,0.6542367012532566
5.58,0.7660345191114083,0.6466410201641589
5.59,0.7724243258611387,0.6389806749730448
5.6000000000000005,0.7787368901782831,0.6312564317144334
5.61,0.7849715808064096,0.6234690628126506
5.62,0.7911277742764554,0.6156193470045864
5.63,0.7972048549690737,0.6077080692618219
5.64,0.803202215176195,0.5997360207121312
5.65,0.8091192551617986,0.5917039985603693
5.66,0.8149553832218861,0.5836128060087513
5.67,0.8207100157436514,0.5754632521765325
5.68,0.8263825772638423,0.567256152019096
5.69,0.8319725005263069,0.5589923262464576
5.7,0.8374792265387189,0.5506726012411944
5.71,0.842902204628477,0.5422978089758073
5.72,0.8482408924977722,0.5338687869295224
5.73,0.8534947562778177,0.5253863780045447
5.74,0.8586632705822353,0.5168514304417665
5.75,0.8637459185595948,0.5082647977359441
5.76,0.8687421919450983,0.4996273385503482
5.7700000000000005,0.8736515911114072,0.4909399166308972
5.78,0.878473625118605,0.4822034007197831
5.79,0.883207811763291,0.4734186644685971
5.8,0.8878536776268007,0.46458658635096417
5.8100000000000005,0.8924107581225477,0.4557080495746962
5.82,0.8968785975424823,0.4467839419934707
5.83,0.9012567491026628,0.4378151560180459
5.84,0.9055447749879331,0.42880258852701925
5.8500000000000005,0.9097422463957044,0.4197471407771399
5.86,0.9138487435788363,0.41064971831318287
5.87,0.9178638558876102,0.4015112308773945
5.88,0.9217871818107954,0.39233259231851836
5.89,0.9256183290157995,0.3831147205004104
5.9,0.929356914387902,0.3738585372102524
5.91,0.9330025640685657,0.3645649680663734
5.92,0.9365549134928226,0.35523494242568776
5.93,0.9400136074257301,0.34586939329075955
5.94,0.9433782999978951,0.3364692572165022
5.95,0.9466486547400603,0.3270354742165233
5.96,0.9498243446167516,0.31756898766912267
5.97,0.9529050520589811,0.30807074422295516
5.98,0.9558904689960048,0.29854169370236533
5.99,0.9587802968861289,0.28898278901240526
6.0,0.9615742467465643,0.27939498604354396
6.01,0.9642720391823251,0.2697792435760783
6.0200000000000005,0.9668734044141676,0.26013652318425506
6.03,0.9693780823055688,0.25046778914011336
6.04,0.9717858223887393,0.24077400831705767
6.05,0.974096383889671,0.23105615009317026
6.0600000000000005,0.9763095357522138,0.22131518625427354
6.07,0.9784250566611813,0.2115520908967514
6.08,0.9804427350644827,0.2017678403301396
6.09,0.9823623691942776,0.19196341297949476
6.1000000000000005,0.984183767087153,0.18213978928755198
6.11,0.9859067466033199,0.17229795161668043
6.12,0.9875311354448264,0.16243888415064722
6.13,0.9890567711727883,0.15256357279619895
6.140000000000001,0.990483501223633,0.14267300508447106
6.15,0.9918111829243554,0.13276817007223474
6.16,0.9930396835067854,0.12285005824299118
6.17,0.9941688801208647,0.11291966140792332
6.18,0.9951986598469318,0.10297797260671468
6.19,0.9961289197070142,0.09302598600824535
6.2,0.996959566675126,0.0830646968111752
6.21,0.9976905176865702,0.07309510114442394
6.22,0.9983216996462458,0.06311819596755824
6.23,0.9988530494359568,0.053134978971095786
6.24,0.9992845139207241,0.04314644847673622
6.25,0.9996160499540995,0.033153603337528974
6.26,0.9998476243824793,0.023157442837987978
6.2700000000000005,0.9999792140484209,0.013158966594163185
6.28,1.0000108057929578,0.0031591744536789753
6.29,0.9999423964569153,-0.006840933604250603
6.3,0.9997739928812271,-0.016840357568819755
6.3100000000000005,0.9995056119062509,-0.026838097497632028
6.32,0.9991372803700839,-0.036833153616694536
6.33,0.9986690351058799,-0.046824526420395376
6.34,0.9981009229381653,-0.056811216771454176
6.3500000000000005,0.997433000678157,-0.06679222600083583
6.36,0.9966653351180809,-0.07676655600761739
6.37,0.9957980030244928,-0.0867332093587982
6.38,0.9948310911306024,-0.09669118938904313
6.390000000000001,0.9937646961275989,-0.10663950030034915
6.4,0.9925989246549827,-0.11657714726162513
6.41,0.991333893289901,-0.12650313650817496
6.42,0.9899697285354903,-0.13641647544107396
6.43,0.988506566808226,-0.14631617272642886
6.44,0.9869445544242809,-0.1562012383945111
6.45,0.9852838475848933,-0.1660706839387539
6.46,0.9835246123607473,-0.17592352241460285
6.47,0.9816670246753652,-0.18575876853821033
6.48,0.9797112702875155,-0.19557543878496397
6.49,0.9776575447726371,-0.20537255148783912
6.5,0.9755060535032815,-0.21514912693556548
6.51,0.9732570116285755,-0.2249041874705983
6.5200000000000005,0.9709106440527067,-0.23463675758688404
6.53,0.9684671854124326,-0.2443458640274111
6.54,0.9659268800536173,-0.2540305358815354
6.55,0.9632899820067965,-0.2636898046820716
6.5600000000000005,0.9605567549617751,-0.2733227045021396
6.57,0.9577274722412575,-0.28292827205175736
6.58,0.9548024167735158,-0.29250554677416996
6.59,0.9517818810640968,-0.3020535709419051
6.6000000000000005,0.9486661671665714,-0.31157138975254606
6.61,0.9454555866523292,-0.3210580514242118
6.62,0.9421504605794219,-0.33051260729073506
6.63,0.9387511194604565,-0.3399341118965293
6.640000000000001,0.9352579032295452,-0.34932162309113385
6.65,0.9316711612083108,-0.3586742021234293
6.66,0.9279912520709557,-0.3679909137355124
6.67,0.9242185438083934,-0.37727082625622194
6.68,0.9203534136914504,-0.38651301169430585
6.69,0.9163962482331383,-0.39571654583122035
6.7,0.9123474431500027,-0.4048805083135517
6.71,0.9082074033225522,-0.41400398274505174
6.72,0.9039765427547695,-0.42308605677827726
6.73,0.8996552845327113,-0.43212582220582496
6.74,0.8952440607821998,-0.4411223750511521
6.75,0.89074331262561,-0.4500748156589741
6.76,0.8861534901377577,-0.4589822487852302
6.7700000000000005,0.8814750523008916,-0.4678437836866078
6.78,0.8767084669587955,-0.4766585342096167
6.79,0.8718542107700034,-0.48542561887920466
6.8,0.8669127691601343,-0.49414416098690467
6.8100000000000005,0.8618846362733492,-0.502813288678506
6.82,0.8567703149229369,-0.5114321350412395
6.83,0.8515703165410322,-0.5199998381904689
6.84,0.8462851611274734,-0.5285155413558792
6.8500000000000005,0.8409153771978018,-0.5369783929671539
6.86,0.8354615017304106,-0.5453875467391319
6.87,0.8299240801128462,-0.553742161756436
6.88,0.8243036660872706,-0.5620414025575644
6.890000000000001,0.8186008216950862,-0.5702844392184371
6.9,0.8128161172207323,-0.5784704474353879
6.91,0.8069501311346564,-0.5865986086075952
6.92,0.801003450035467,-0.5946681099189417
6.93,0.794976668591274,-0.6026781444192963
6.94,0.7888703894802219,-0.6106279111052091
6.95,0.7826852233302218,-0.6185166150000113
6.96,0.7764217886578887,-0.6263434672333136
6.97,0.7700807118066898,-0.6341076851198925
6.98,0.7636626268843102,-0.6418084922379593
6.99,0.7571681756992422,-0.6494451185068024
7.0,0.7505980076966042,-0.6570168002637948
7.01,0.7439527798931966,-0.6645227803407608
7.0200000000000005,0.7372331568117997,-0.6719623081396928
7.03,0.7304398104147216,-0.6793346397078108
7.04,0.7235734200366021,-0.686639037811958
7.05,0.7166346723164788,-0.6938747720123241
7.0600000000000005,0.7096242611291239,-0.7010411187354888
7.07,0.7025428875156561,-0.7081373613467801
7.08,0.6953912596134367,-0.7151627902219366
7.09,0.688170092585256,-0.7221167028180709
7.1000000000000005,0.6808801085478168,-0.7289984037439236
7.11,0.6735220364995228,-0.7358072048294018
7.12,0.6660966122475789,-0.742542425194397
7.13,0.6586045783344101,-0.7492033913168727
7.140000000000001,0.6510466839634079,-0.7557894371002168
7.15,0.6434236849240094,-0.7622999039398509
7.16,0.6357363435161184,-0.768734140789091
7.17,0.6279854284738758,-0.7750915042242521
7.18,0.620171714888786,-0.7813713585089909
7.19,0.6122959841322072,-0.7875730756578787
7.2,0.6043590237772152,-0.7936960354992008
7.21,0.5963616275198454,-0.7997396257369729
7.22,0.5883045950997238,-0.8057032420121714
7.23,0.580188732220092,-0.8115862879631686
7.24,0.5720148504672383,-0.8173881752853694
7.25,0.5637837672293379,-0.8231083237900418
7.26,0.5554963056147145,-0.8287461614623353
7.2700000000000005,0.5471532943695298,-0.8343011245184824
7.28,0.538755567794908,-0.8397726574621777
7.29,0.5303039656635067,-0.8451602131401268
7.3,0.5217993331355391,-0.8504632527967618
7.3100000000000005,0.5132425206742579,-0.8556812461281172
7.32,0.5046343839609093,-0.8608136713348599
7.33,0.4959757838091646,-0.865860015174469
7.34,0.48726758607903903,-0.8708197730125606
7.3500000000000005,0.47851066159030553,-0.8756924488733511
7.36,0.46970588603541297,-0.8804775554892541
7.37,0.46085413989191687,-0.8851746143496082
7.38,0.4519563083344316,-0.8897831557485274
7.390000000000001,0.4430132811461129,-0.8943027188318717
7.4,0.4340259526296796,-0.8987328516433328
7.41,0.4249952215179833,-0.9030731111696296
7.42,0.41592199088413523,-0.9073230633848095
7.43,0.4068071680511987,-0.9114822832936509
7.44,0.39765166450145706,-0.9155503549741629
7.45,0.3884563957852653,-0.9195268716191775
7.46,0.379222281429495,-0.9234114355770301
7.47,0.36995024484558175,-0.927203658391325
7.48,0.36064121323718396,-0.9309031608397809
7.49,0.3512961175074624,-0.9345095729721528
7.5,0.34191589216599017,-0.9380225341472274
7.51,0.33250147523530127,-0.9414416930688873
7.5200000000000005,0.32305380815708884,-0.9447667078212403
7.53,0.31357383569806074,-0.9479972459028112
7.54,0.30406250585546285,-0.9511329842597918
7.55,0.29452076976227937,-0.9541736093183464
7.5600000000000005,0.2849495815921197,-0.9571188170159691
7.57,0.2753498984638008,-0.9599683128318903
7.58,0.2657226803456355,-0.9627218118165284
7.59,0.25606888995943566,-0.9653790386199848
7.6000000000000005,0.24638949268423987,-0.9679397275195791
7.61,0.23668545645977565,-0.9704036224464215
7.62,0.22695775168966545,-0.9727704770110193
7.63,0.2172073511443863,-0.9750400545279159
7.640000000000001,0.2074352298639927,-0.9772121280393598
7.65,0.19764236506061272,-0.9792864803379997
7.66,0.18782973602072667,-0.9812629039886058
7.67,0.17799832400723853,-0.9831412013488131
7.68,0.16814911216134967,-0.9849211845888854
7.69,0.15828308540424468,-0.986602675710499
7.7,0.14840123033859925,-0.9881855065645414
7.71,0.13850453514991998,-0.9896695188679274
7.72,0.12859398950772571,-0.9910545642194266
7.73,0.11867058446658067,-0.9923405041145039
7.74,0.10873531236698897,-0.9935272099591698
7.75,0.09878916673616057,-0.9946145630828397
7.76,0.08883314218865856,-0.9956024547502013
7.7700000000000005,0.07886823432693768,-0.9964907861720879
7.78,0.0688954396417841,-0.9972794685153572
7.79,0.05891575541266635,-0.997968422911775
7.8,0.048930179608007336,-0.9985575804659017
7.8100000000000005,0.03893971078538752,-0.9990468822619818
7.82,0.028945347991689165,-0.9994362793698357
7.83,0.018948090663191638,-0.9997257328497526
7.84,0.008948938525627791,-0.9999152137563846
7.8500000000000005,-0.001051108505788616,-1.0000047031416408
7.86,-0.011051050426354445,-0.9999941920565829
7.87,-0.02104988724187764,-0.9998836815523193
7.88,-0.031046619068676645,-0.9996731826799006
7.890000000000001,-0.041040246233568785,-0.9993627164892138
7.9,-0.05102976937383757,-0.9989523140268781
7.91,-0.061014189537168965,-0.9984420163331398
7.92,-0.07099250828154664,-0.9978318744377681
7.930000000000001,-0.08096372777509617,-0.9971219493549527
7.94,-0.09092685089586819,-0.9963123120772017
7.95,-0.10088088133155063,-0.995403043568243
7.96,-0.1108248236790999,-0.9943942347549275
7.97,-0.12075768354428126,-0.9932859865181365
7.98,-0.1306784676411082,-0.9920784096826937
7.99,-0.140586183891171,-0.9907716250062826
8.0,-0.15047984152284472,-0.9893657631673709
8.01,-0.16035845117036615,-0.9878609647521425
8.02,-0.17022102497277053,-0.9862573802404389
8.03,-0.18006657667267764,-0.9845551699907111
8.040000000000001,-0.18989412171491749,-0.9827545042239844
8.05,-0.19970267734498584,-0.9808555630068352
8.06,-0.2094912627073197,-0.9788585362333854
8.07,-0.2192588989433828,-0.9767636236063122
8.08,-0.22900460928955158,-0.9745710346168783
8.09,-0.2387274191747914,-0.9722809885239828
8.1,-0.24842635631811374,-0.9698937143322349
8.11,-0.2581004508258043,-0.9674094507690538
8.120000000000001,-0.26774873528841225,-0.9648284462607958
8.13,-0.27737024487749135,-0.9621509589079117
8.14,-0.2869640174420827,-0.9593772564591367
8.15,-0.2965290936049299,-0.9565076162847159
8.16,-0.30606451685841657,-0.9535423253486667
8.17,-0.3155693336602174,-0.9504816801800825
8.18,-0.32504259352865217,-0.9473259868434803
8.19,-0.3344833491377341,-0.9440755609081938
8.2,-0.34389065641190225,-0.9407307274168164
8.21,-0.35326357462042923,-0.9372918208526974
8.22,-0.36260116647149415,-0.933759185106493
8.23,-0.3719024982059119,-0.930133173441778
8.24,-0.3811666396905091,-0.9264141484597189
8.25,-0.39039266451113724,-0.9226024820628138
8.26,-0.39957965006531426,-0.9186985554177024
8.27,-0.4087266776544848,-0.9147027589170492
8.28,-0.4178328325758898,-0.9106154921405044
8.290000000000001,-0.42689720421403726,-0.9064371638147455
8.3,-0.43591888613176333,-0.9021681917726051
8.31,-0.4448969761608762,-0.8978090029112875
8.32,-0.45383057649237296,-0.8933600331496787
8.33,-0.4627187937662205,-0.888821727384755
8.34,-0.4715607391606914,-0.8841945394470927
8.35,-0.4803555284812463,-0.8794789320554858
8.36,-0.489102282248953,-0.8746753767706733
8.370000000000001,-0.49780012578843486,-0.8697843539481838
8.38,-0.5064481893153379,-0.8648063526902994
8.39,-0.5150456080233093,-0.859741870797146
8.4,-0.5235915221704784,-0.8545914147169129
8.41,-0.5320850771654305,-0.8493554994952082
8.42,-0.5405254236526661,-0.8440346487235538
8.43,-0.5489117175975363,-0.8386293944870271
8.44,-0.5572431203706468,-0.8331402773110518
8.45,-0.5655187988317203,-0.8275678461073454
8.46,-0.5737379254129106,-0.8219126581190281
8.47,-0.5818996782015595,-0.816175278864899
8.48,-0.5900032410223883,-0.8103562820828835
8.49,-0.5980478035191149,-0.8044562496726596
8.5,-0.6060325612354895,-0.7984757716374684
8.51,-0.6139567156957407,-0.7924154460251135
8.52,-0.6218194744844223,-0.7862758788681561
8.53,-0.6296200513256555,-0.7800576841233119
8.540000000000001,-0.637357666161756,-0.7737614836100554
8.55,-0.6450315452312404,-0.7673879069484378
8.56,-0.6526409211462016,-0.7609375914961254
8.57,-0.6601850329690483,-0.7544111822846634
8.58,-0.667663126288598,-0.7478093319549729
8.59,-0.6750744532955189,-0.7411327006920869
8.6,-0.6824182728571102,-0.7343819561591317
8.61,-0.6896938505914159,-0.7275577734305606
8.620000000000001,-0.6969004589406623,-0.7206608349246465
8.63,-0.7040373772440147,-0.7136918303352399
8.64,-0.7111038918096427,-0.7066514565627997
8.65,-0.7180992959860898,-0.6995404176447033
8.66,-0.7250228902329382,-0.6923594246848425
8.67,-0.7318739821907634,-0.6851091957825131
8.68,-0.7386518867503694,-0.6777904559606054
8.69,-0.7453559261213004,-0.6704039370931016
8.700000000000001,-0.7519854298996193,-0.6629503778318886
8.71,-0.7585397351349482,-0.6554305235328924
8.72,-0.7650181863967637,-0.647845126181543
8.73,-0.7714201358399394,-0.6401949443175754
8.74,-0.7777449432695311,-0.632480742959176
8.75,-0.783991976204796,-0.6247032935264807
8.76,-0.7901606099424403,-0.6168633737644327
8.77,-0.7962502276190904,-0.6089617676650083
8.78,-0.8022602202729785,-0.6009992653888174
8.790000000000001,-0.8081899869048393,-0.5929766631860877
8.8,-0.8140389345380097,-0.5848947633170393
8.81,-0.8198064782777262,-0.5767543739716592
8.82,-0.8254920413696151,-0.5685563091888819
8.83,-0.8310950552573669,-0.5603013887751858
8.84,-0.8366149596395931,-0.5519904382226121
8.85,-0.8420512025258553,-0.5436242886262161
8.86,-0.8474032402918649,-0.5352037766009576
8.870000000000001,-0.8526705377338453,-0.526729744198039
8.88,-0.8578525681220522,-0.5182030388207005
8.89,-0.8629488132534471,-0.50962451313948
8.9,-0.8679587635035165,-0.5009950250069455
8.91,-0.8728819178772357,-0.4923154373719103
8.92,-0.877717784059167,-0.483586618193138
8.93,-0.8824658784626924,-0.4748094403525463
8.94,-0.8871257262783716,-0.4659847815679194
8.950000000000001,-0.8916968615214229,-0.4571135243051357
8.96,-0.8961788270783221,-0.44819655568992145
8.97,-0.9005711747525135,-0.43923476741913825
8.98,-0.9048734653092296,-0.4302290556716131
8.99,-0.9090852685194148,-0.4211803210185208
9.0,-0.9132061632027482,-0.41208946833332666
9.01,-0.9172357372697612,-0.4029574067012992
9.02,-0.9211735877630471,-0.3937850493286016
9.03,-0.9250193208975569,-0.3845733134509711
9.040000000000001,-0.9287725520999769,-0.37532312024199554
9.05,-0.9324329060471869,-0.3660353947209958
9.06,-0.9360000167037921,-0.3567110656605239
9.07,-0.9394735273587269,-0.347351065493486
9.08,-0.9428530906609259,-0.33795633021989874
9.09,-0.9461383686540589,-0.32852779931328946
9.1,-0.9493290328103263,-0.31906641562674887
9.11,-0.9524247640633128,-0.3095731252986456
9.120000000000001,-0.9554252528398929,-0.30004887765801247
9.13,-0.958330199091189,-0.29049462512961355
9.14,-0.961139312322576,-0.28091132313870165
9.15,-0.9638523116227308,-0.27129993001547587
9.16,-0.9664689256917233,-0.26166140689924855
9.17,-0.9689888928681466,-0.25199671764233134
9.18,-0.971411961155283,-0.24230682871364986
9.19,-0.973737888246304,-0.23259270910209703
9.200000000000001,-0.9759664415485003,-0.222855330219634
9.21,-0.9780973982065418,-0.213095665804149
9.22,-0.9801305451247627,-0.20331469182208356
9.23,-0.9820656789884711,-0.19351338637083593
9.24,-0.9839026062842806,-0.18369272958095123
9.25,-0.9856411433194617,-0.17385370351810842
9.26,-0.9872811162403109,-0.1639972920849138
9.27,-0.988822361049536,-0.1541244809225107
9.28,-0.9902647236226562,-0.14423625731201534
9.290000000000001,-0.991608059723414,-0.13433361007578878
9.3,-0.9928522350181996,-0.12441752947855464
9.31,-0.9939971250894833,-0.11448900712837265
9.32,-0.9950426154482581,-0.10454903587747781
9.33,-0.9959886015454881,-0.09459860972299523
9.34,-0.9968349887825635,-0.08463872370754036
9.35,-0.9975816925207607,-0.07467037381971472
9.36,-0.9982286380897057,-0.06469455689450712
9.370000000000001,-0.9987757607948419,-0.054712270513610065
9.38,-0.9992230059238985,-0.044724512905661644
9.39,-0.9995703287523627,-0.03473228284642266
9.4,-0.9998176945479518,-0.02473657955889903
9.41,-0.999965078574086,-0.01473840261341951
9.42,-1.0000124660923628,-0.004738751827678651
9.43,-0.9999598523640304,0.0052613728332449785
9.44,-0.9998072426504615,0.015260971356885283
9.450000000000001,-0.9995546522126276,0.025259043783389896
9.46,-0.9992021063095725,0.03525459030551617
9.47,-0.9987496401958864,0.0452466113686119
9.48,-0.9981972991181807,0.055234107770570764
9.49,-0.9975451383105631,0.06521608076175257
9.5,-0.9967932229891145,0.0751915321448582
9.51,-0.995941628345367,0.08515946437474935
9.52,-0.994990439538785,0.09511888065820302
9.53,-0.9939397516882491,0.10506878505359088
9.540000000000001,-0.9927896698625444,0.11500818257047338
9.55,-0.9915403090698534,0.12493607926909882
9.56,-0.9901917942462554,0.13485148235979735
9.57,-0.9887442602432328,0.14475340030225992
9.58,-0.9871978518141858,0.15464084290469224
9.59,-0.9855527235999575,0.1645128214228341
9.6,-0.9838090401133691,0.1743683486588337
9.61,-0.9819669757227695,0.1842064390599674
9.620000000000001,-0.9800267146345976,0.1940261088171951
9.63,-0.9779884508749621,0.20382637596354106
9.64,-0.9758523882702392,0.21360626047229067
9.65,-0.9736187404266893,0.22336478435499307
9.66,-0.9712877307090967,0.23310097175925998
9.67,-0.9688595922184332,0.24281384906635095
9.68,-0.9663345677685479,0.2525024449885353
9.69,-0.9637129098618856,0.26216579066622075
9.700000000000001,-0.9609948806642372,0.2718029197648396
9.71,-0.9581807519785224,0.281412868571482
9.72,-0.9552708052176097,0.2909946760912672
9.73,-0.9522653313761752,0.30054738414344334
9.74,-0.9491646310016032,0.31007003745720507
9.75,-0.945969014163931,0.3195616837672211
9.76,-0.9426788004248424,0.32902137390886044
9.77,-0.9392943188057113,0.33844816191310884
9.78,-0.9358159077546997,0.34784110510116595
9.790000000000001,-0.9322439151129126,0.35719926417871295
9.8,-0.9285786980796141,0.3665217033298421
9.81,-0.9248206231765077,0.3758074903106382
9.82,-0.9209700662110837,0.3850556965424033
9.83,-0.9170274122390385,0.39426539720451415
9.84,-0.9129930555257695,0.40343567132690455
9.85,-0.9088673995069478,0.41256560188216224
9.86,-0.9046508567481755,0.4216542758772317
9.870000000000001,-0.9003438489037283,0.43070078444471344
9.88,-0.8959468066743909,0.4397042229337507
9.89,-0.8914601697643859,0.44866369100049464
9.9,-0.8868843868374046,0.4575782926981385
9.91,-0.8822199154717394,0.46644713656651254
9.92,-0.8774672221145271,0.4752693357212299
9.93,-0.8726267820351034,0.4840440079423752
9.94,-0.8676990792774761,0.4927702757627262
9.950000000000001,-0.8626846066119211,0.501447266555501
9.96,-0.857583865485705,0.5100741126216202
9.97,-0.8523973659729402,0.5186499512764772
9.98,-0.8471256267235782,0.5271739249362066
9.99,-0.8417691749115437,0.5356451812034424
